{
  "project_info": {
    "project_number": "718299750288",
    "firebase_url": "https://emergencyescape-fce2c.firebaseio.com",
    "project_id": "emergencyescape-fce2c",
    "storage_bucket": "emergencyescape-fce2c.appspot.com"
  },
  "client": [
    {
      "client_info": {
        "mobilesdk_app_id": "1:718299750288:android:c8a178478ac2cb0e",
        "android_client_info": {
          "package_name": "org.wit.emergencyescape"
        }
      },
      "oauth_client": [
        {
          "client_id": "718299750288-dvt37mbrl3ct0up3qo350fqjblg7m212.apps.googleusercontent.com",
          "client_type": 1,
          "android_info": {
            "package_name": "org.wit.emergencyescape",
            "certificate_hash": "975a7ae2ea287f947840f2cbd43d886564162fd6"
          }
        },
        {
          "client_id": "718299750288-d4pgqheld49b70bus7rp0rjbhs962mq0.apps.googleusercontent.com",
          "client_type": 3
        }
      ],
      "api_key": [
        {
          "current_key": "AIzaSyCue9fZHKca14ucbx-l47FjvyB6OFixfsQ"
        }
      ],
      "services": {
        "analytics_service": {
          "status": 1
        },
        "appinvite_service": {
          "status": 2,
          "other_platform_oauth_client": [
            {
              "client_id": "718299750288-d4pgqheld49b70bus7rp0rjbhs962mq0.apps.googleusercontent.com",
              "client_type": 3
            }
          ]
        },
        "ads_service": {
          "status": 2
        }
      }
    }
  ],
  "configuration_version": "1"
}